{
    "name": "example/d4-only-module",
    "d4Shortcode": "d4_only_module",
    "title": "Divi 4 Only Module",
    "titles": "Divi 4 Only Modules",
    "moduleIcon": "example/module-d4",
    "moduleClassName": "d4_only_module",
    "moduleOrderClassName": "d4_only_module",
    "category": "module",
    "attributes": {
        "module": {
            "type": "object",
            "selector": "{{selector}}",
            "default": {
                "meta": {
                    "adminLabel": {
                        "desktop": {
                            "value": "D4 Only Module"
                        }
                    }
                }
            },
            "settings": {
                "meta": {
                    "adminLabel": {}
                },
                "advanced": {
                    "link": {},
                    "text": {},
                    "htmlAttributes": {}
                },
                "decoration": {
                    "background": {},
                    "bodyFont": {},
                    "sizing": {},
                    "spacing": {},
                    "border": {},
                    "boxShadow": {},
                    "filters": {},
                    "transform": {},
                    "animation": {},
                    "overflow": {},
                    "disabledOn": {},
                    "transition": {},
                    "position": {},
                    "zIndex": {},
                    "scroll": {},
                    "sticky": {}
                }
            }
        },
        "title": {
            "type": "object",
            "selector": "{{selector}} .d4_only_module_title",
            "default": {
                "decoration": {
                    "font": {
                        "font": {
                            "desktop": {
                                "value": {
                                    "headingLevel": "h2"
                                }
                            }
                        }
                    }
                }
            },
            "inlineEditor": "plainText",
            "elementType": "heading",
            "childrenSanitizer": "et_core_esc_previously",
            "attributes": {
                "class": "d4_only_module_title"
            },
            "settings": {
                "innerContent": {
                    "groupType": "group-item",
                    "item": {
                        "groupName": "mainContent",
                        "priority": 10,
                        "render": true,
                        "attrName": "title.innerContent",
                        "label": "Title",
                        "description": "Text entered here will appear as title.",
                        "features": {
                            "sticky": false,
                            "dynamicContent": {
                                "type": "text"
                            }
                        },
                        "component": {
                            "name": "divi/text",
                            "type": "field"
                        }
                    }
                },
                "decoration": {
                    "font": {
                        "priority": 10,
                        "component": {
                            "props": {
                                "groupLabel": "Title Text",
                                "fieldLabel": "Title"
                            }
                        }
                    }
                }
            }
        },
        "content": {
            "type": "object",
            "selector": "{{selector}} .d4_only_module_content",
            "attributes": {
                "class": "d4_only_module_content"
            },
            "tagName": "div",
            "inlineEditor": "richText",
            "settings": {
                "innerContent": {
                    "groupType": "group-item",
                    "item": {
                        "groupName": "mainContent",
                        "priority": 20,
                        "render": true,
                        "attrName": "content.innerContent",
                        "label": "Content",
                        "description": "Content entered here will appear inside the module.",
                        "features": {
                            "sticky": false,
                            "dynamicContent": {
                                "type": "text"
                            }
                        },
                        "component": {
                            "name": "divi/richtext",
                            "type": "field"
                        }
                    }
                }
            }
        }
    },
    "customCssFields": {
        "title": {
            "subName": "title",
            "selectorSuffix": " .d4_only_module_title"
        },
        "content": {
            "subName": "content",
            "selectorSuffix": " .d4_only_module_content"
        }
    },
    "settings": {
        "content": "auto",
        "design": "auto",
        "advanced": "auto"
    }
}