{
  "name": "example/dynamic-module",
  "d4Shortcode": "",
  "title": "Dynamic Module",
  "titles": "Dynamic Modules",
  "moduleIcon": "example/module-dynamic",
  "moduleClassName": "example_dynamic_module",
  "moduleOrderClassName": "example_dynamic_module",
  "category": "module",
  "attributes": {
    "module": {
      "type": "object",
      "selector": "{{selector}}",
      "default": {
        "meta": {
          "adminLabel": {
            "desktop": {
              "value": "Static Module"
            }
          }
        }
      },
      "styleProps": {
        "bodyFont": {
          "selector": "{{selector}} .example_dynamic_module__post-item-content"
        }
      },
      "settings": {
        "meta": {
          "adminLabel": {}
        },
        "advanced": {
          "link": {},
          "text": {},
          "htmlAttributes": {}
        },
        "decoration": {
          "background": {},
          "bodyFont": {},
          "sizing": {},
          "spacing": {},
          "border": {},
          "boxShadow": {},
          "filters": {},
          "transform": {},
          "animation": {},
          "overflow": {},
          "disabledOn": {},
          "transition": {},
          "position": {},
          "zIndex": {},
          "scroll": {},
          "sticky": {}
        }
      }
    },
    "title": {
      "type": "object",
      "selector": "{{selector}} .example_dynamic_module__title",
      "default": {
        "decoration": {
          "font": {
            "font": {
              "desktop": {
                "value": {
                  "headingLevel": "h2"
                }
              }
            }
          }
        }
      },
      "inlineEditor": "plainText",
      "elementType": "heading",
      "childrenSanitizer": "et_core_esc_previously",
      "attributes": {
        "class": "example_dynamic_module__title"
      },
      "settings": {
        "innerContent": {
          "groupType": "group-item",
          "item": {
            "groupSlug": "contentPosts",
            "priority": 10,
            "render": true,
            "attrName": "title.innerContent",
            "label": "Title",
            "description": "Title to show for module.",
            "features": {
              "sticky": false,
              "dynamicContent": false
            },
            "component": {
              "name": "divi/text",
              "type": "field"
            }
          }
        },
        "decoration": {
          "font": {
            "priority": 10,
            "component": {
              "props": {
                "groupLabel": "Title Text",
                "fieldLabel": "Title"
              }
            }
          }
        }
      }
    },
    "postItems": {
      "type": "object",
      "default": {
        "innerContent": {
          "desktop": {
            "value": {
              "postsNumber": "5"
            }
          }
        }
      },
      "settings": {
        "innerContent": {
          "groupType": "group-items",
          "items": {
            "src": {
              "groupSlug": "contentPosts",
              "priority": 20,
              "render": true,
              "subName": "postsNumber",
              "label": "Number of posts",
              "description": "Number of posts you want to show.",
              "features": {
                "sticky": false,
                "responsive": false,
                "hover": false,
                "dynamicContent": false
              },
              "component": {
                "name": "divi/text",
                "type": "field"
              }
            }
          }
        }
      }
    },
    "postTitle": {
      "type": "object",
      "selector": "{{selector}} .example_dynamic_module__post-item-title",
      "default": {
        "decoration": {
          "font": {
            "font": {
              "desktop": {
                "value": {
                  "headingLevel": "h3"
                }
              }
            }
          }
        }
      },
      "settings": {
        "decoration": {
          "font": {
            "priority": 10,
            "component": {
              "props": {
                "groupLabel": "Post Title Text",
                "fieldLabel": "Post Title"
              }
            }
          }
        }
      }
    }
  },
  "customCssFields": {},
  "settings": {
    "content": "auto",
    "design": "auto",
    "advanced": "auto",
    "groups": {
      "contentPosts": {
        "panel": "content",
        "priority": 10,
        "groupName": "contentPosts",
        "multiElements": true,
        "component": {
          "name": "divi/composite",
          "props": {
            "groupLabel": "Posts"
          }
        }
      }
    }
  }
}
