{
  "name": "example/child-module",
  "d4Shortcode": "",
  "title": "Child Module",
  "titles": "Child Modules",
  "category": "child-module",
  "moduleClassName": "example_child_module",
  "moduleOrderClassName": "example_child_module",
  "attributes": {
    "module": {
      "type": "object",
      "selector": "{{selector}}",
      "default": {
        "meta": {
          "adminLabel": {
            "desktop": {
              "value": "Child Module"
            }
          }
        }
      },
      "styleProps": {
        "border": {
          "important": true
        }
      },
      "settings": {
        "advanced": {
          "link": {},
          "text": {
            "component": {
              "props": {
                "fields": {
                  "color": {
                    "render": false
                  }
                }
              }
            }
          },
          "htmlAttributes": {}
        },
        "decoration": {
          "background": {},
          "sizing": {},
          "spacing": {},
          "border": {},
          "boxShadow": {},
          "filters": {},
          "transform": {},
          "animation": {},
          "overflow": {},
          "disabledOn": {},
          "transition": {},
          "position": {},
          "zIndex": {},
          "scroll": {},
          "sticky": {}
        }
      }
    },
    "title": {
      "type": "object",
      "selector": ".example_parent_module {{selector}} .example_child_module__title",
      "styleProps": {
        "font": {
          "important": {
            "font": {
              "desktop": {
                "value": {
                  "color": true
                }
              }
            }
          }
        }
      },
      "settings": {
        "innerContent": {
          "groupType": "group-item",
          "item": {
            "groupName": "mainContent",
            "priority": 10,
            "render": true,
            "attrName": "title.innerContent",
            "label": "Title",
            "description": "Input your value to action title here.",
            "features": {
              "sticky": false,
              "dynamicContent": false
            },
            "component": {
              "name": "divi/text",
              "type": "field"
            }
          }
        },
        "decoration": {
          "font": {
            "priority": 10,
            "component": {
              "props": {
                "groupLabel": "Title Text",
                "fieldLabel": "Title"
              }
            }
          }
        }
      },
      "tagName": "div",
      "attributes": {
        "class": "example_child_module__title"
      },
      "inlineEditor": "plainText",
      "elementType": "heading",
      "childrenSanitizer": "et_core_esc_previously"
    },
    "content": {
      "type": "object",
      "selector": ".example_parent_module {{selector}} .example_child_module__content",
      "tagName": "div",
      "settings": {
        "innerContent": {
          "groupType": "group-item",
          "item": {
            "groupName": "mainContent",
            "priority": 20,
            "render": true,
            "attrName": "content.innerContent",
            "label": "Content",
            "description": "Input the main text content for your module here.",
            "features": {
              "sticky": false,
              "dynamicContent": false
            },
            "component": {
              "name": "divi/richtext",
              "type": "field"
            }
          }
        },
        "decoration": {
          "bodyFont": {
            "attrName": "content.decoration.bodyFont"
          }
        }
      },
      "attributes": {
        "class": "example_child_module__content"
      },
      "inlineEditor": "richText",
      "childrenSanitizer": "et_core_esc_previously"
    },
    "icon": {
      "type": "object",
      "selector": "{{selector}} .example_child_module__icon.et-pb-icon",
      "settings": {
        "innerContent": {
          "groupType": "group-item",
          "item": {
            "groupSlug": "contentIcon",
            "attrName": "icon.innerContent",
            "label": "Icon",
            "description": "Pick an Icon",
            "render": true,
            "priority": 10,
            "features": {
              "sticky": false
            },
            "component": {
              "type": "field",
              "name": "divi/icon-picker"
            }
          }
        },
        "advanced": {
          "color": {
            "groupType": "group-item",
            "item": {
              "groupSlug": "designIcon",
              "label": "Icon Color",
              "description": "Here you can define a custom color for your icon.",
              "render": true,
              "priority": 10,
              "features": {
                "sticky": false
              },
              "component": {
                "type": "field",
                "name": "divi/color-picker"
              }
            }
          },
          "size": {
            "groupType": "group-item",
            "item": {
              "groupSlug": "designIcon",
              "label": "Icon Size",
              "description": "Here you can choose icon width.",
              "render": true,
              "priority": 20,
              "features": {
                "sticky": false
              },
              "component": {
                "type": "field",
                "name": "divi/range",
                "props": {
                  "min": 1,
                  "max": 120,
                  "allowedUnits": [
                    "%",
                    "em",
                    "rem",
                    "px",
                    "cm",
                    "mm",
                    "in",
                    "pt",
                    "pc",
                    "ex",
                    "vh",
                    "vw"
                  ]
                }
              }
            }
          }
        }
      }
    }
  },
  "customCssFields": {
    "contentContainer": {
      "subName": "contentContainer",
      "selectorSuffix": " .example_child_module__content-container"
    },
    "title": {
      "subName": "title",
      "selectorSuffix": " .example_child_module__title"
    },
    "content": {
      "subName": "content",
      "selectorSuffix": " .example_child_module__content"
    },
    "icon": {
      "subName": "icon",
      "selectorSuffix": " .example_child_module__icon.et-pb-icon"
    }
  },
  "settings": {
    "advanced": "auto",
    "groups": {
      "contentIcon": {
        "panel": "content",
        "priority": 20,
        "groupName": "contentIcon",
        "multiElements": true,
        "component": {
          "name": "divi/composite",
          "props": {
            "groupLabel": "Icon"
          }
        }
      },
      "designIcon": {
        "panel": "design",
        "priority": 10,
        "groupName": "designIcon",
        "multiElements": true,
        "component": {
          "name": "divi/composite",
          "props": {
            "groupLabel": "Icon Style"
          }
        }
      }
    }
  }
}
