{
  "name": "example/parent-module",
  "d4Shortcode": "",
  "title": "Parent Module",
  "titles": "Parent Modules",
  "moduleIcon": "example/module-parent",
  "moduleClassName": "example_parent_module",
  "moduleOrderClassName": "example_parent_module",
  "category": "module",
  "childModuleName": "example/child-module",
  "childModuleTitle": "Child Module",
  "childrenName": [
    "example/child-module"
  ],
  "attributes": {
    "module": {
      "type": "object",
      "selector": "{{selector}}",
      "default": {
        "meta": {
          "adminLabel": {
            "desktop": {
              "value": "Parent Module"
            }
          }
        }
      },
      "styleProps": {
        "border": {
          "important": true
        }
      },
      "settings": {
        "meta": {
          "adminLabel": {}
        },
        "advanced": {
          "link": {},
          "text": {
            "component": {
              "props": {
                "fields": {
                  "color": {
                    "render": false
                  }
                }
              }
            }
          },
          "htmlAttributes": {}
        },
        "decoration": {
          "background": {},
          "sizing": {},
          "spacing": {},
          "border": {},
          "boxShadow": {},
          "filters": {},
          "transform": {},
          "animation": {},
          "overflow": {},
          "disabledOn": {},
          "transition": {},
          "position": {},
          "zIndex": {},
          "scroll": {},
          "sticky": {}
        }
      }
    },
    "title": {
      "type": "object",
      "selector": "{{selector}} .example_child_module__title",
      "defaultPrintedStyle": {
        "decoration": {
          "font": {
            "font": {
              "desktop": {
                "value": {
                  "size": "21px",
                  "lineHeight": "1em",
                  "weight": "600"
                }
              }
            }
          }
        }
      },
      "styleProps": {
        "font": {
          "important": {
            "font": {
              "desktop": {
                "value": {
                  "color": true
                }
              }
            }
          }
        }
      },
      "settings": {
        "decoration": {
          "font": {
            "priority": 10,
            "component": {
              "props": {
                "groupLabel": "Title Text",
                "fieldLabel": "Title"
              }
            }
          }
        }
      }
    },
    "content": {
      "type": "object",
      "selector": "{{selector}} .example_child_module__content",
      "defaultPrintedStyle": {
        "decoration": {
          "bodyFont": {
            "body": {
              "font": {
                "desktop": {
                  "value": {
                    "color": "#868686",
                    "size": "13px",
                    "lineHeight": "1.6em"
                  }
                }
              }
            }
          }
        }
      },
      "styleProps": {
        "bodyFont": {
          "selectors": {
            "desktop": {
              "value": "{{selector}} .example_child_module__content"
            }
          }
        }
      },
      "settings": {
        "decoration": {
          "bodyFont": {
            "attrName": "content.decoration.bodyFont"
          }
        }
      }
    },
    "icon": {
      "type": "object",
      "selector": "{{selector}} .et-pb-icon",
      "default": {
        "innerContent": {
          "desktop": {
            "value": {
              "unicode": "&#x39;",
              "type": "divi",
              "weight": "400"
            }
          }
        },
        "advanced": {
          "color": {
            "desktop": {
              "value": "#ae16f0"
            }
          },
          "size": {
            "desktop": {
              "value": "28px"
            }
          }
        }
      },
      "settings": {
        "innerContent": {
          "groupType": "group-item",
          "item": {
            "groupSlug": "contentIcon",
            "attrName": "icon.innerContent",
            "label": "Icon",
            "description": "Upload an Icon",
            "render": true,
            "priority": 10,
            "features": {
              "sticky": false
            },
            "component": {
              "type": "field",
              "name": "divi/icon-picker"
            }
          }
        },
        "advanced": {
          "color": {
            "groupType": "group-item",
            "item": {
              "groupSlug": "designIcon",
              "label": "Icon Color",
              "description": "Here you can define a custom color for your icon.",
              "render": true,
              "priority": 10,
              "features": {
                "sticky": false
              },
              "component": {
                "type": "field",
                "name": "divi/color-picker"
              }
            }
          },
          "size": {
            "groupType": "group-item",
            "item": {
              "groupSlug": "designIcon",
              "label": "Icon Size",
              "description": "Here you can choose icon width.",
              "render": true,
              "priority": 20,
              "features": {
                "sticky": false
              },
              "component": {
                "type": "field",
                "name": "divi/range",
                "props": {
                  "min": 1,
                  "max": 120,
                  "allowedUnits": [
                    "%",
                    "em",
                    "rem",
                    "px",
                    "cm",
                    "mm",
                    "in",
                    "pt",
                    "pc",
                    "ex",
                    "vh",
                    "vw"
                  ]
                }
              }
            }
          }
        }
      }
    }
  },
  "customCssFields": {
    "contentContainer": {
      "subName": "contentContainer",
      "selectorSuffix": " .example_parent_module__content-container"
    },
    "title": {
      "subName": "title",
      "selectorSuffix": " .example_parent_module__title"
    },
    "content": {
      "subName": "content",
      "selectorSuffix": " .example_parent_module__content"
    },
    "icon": {
      "subName": "icon",
      "selectorSuffix": " .example_parent_module__icon.et-pb-icon"
    }
  },
  "settings": {
    "content": "auto",
    "design": "auto",
    "advanced": "auto",
    "groups": {
      "contentIcon": {
        "panel": "content",
        "priority": 20,
        "groupName": "contentIcon",
        "multiElements": true,
        "component": {
          "name": "divi/composite",
          "props": {
            "groupLabel": "Icon"
          }
        }
      },
      "designIcon": {
        "panel": "design",
        "priority": 10,
        "groupName": "designIcon",
        "multiElements": true,
        "component": {
          "name": "divi/composite",
          "props": {
            "groupLabel": "Icon Style"
          }
        }
      }
    }
  }
}
