{
  "name": "example/static-module",
  "d4Shortcode": "",
  "title": "Static Module",
  "titles": "Static Modules",
  "moduleIcon": "example/module-static",
  "moduleClassName": "example_static_module",
  "moduleOrderClassName": "example_static_module",
  "category": "module",
  "attributes": {
    "module": {
      "type": "object",
      "selector": "{{selector}}",
      "default": {
        "meta": {
          "adminLabel": {
            "desktop": {
              "value": "Static Module"
            }
          }
        },
        "advanced": {
          "text": {
            "text": {
              "desktop": {
                "value": {
                  "color": "light"
                }
              }
            }
          }
        },
        "decoration": {
          "spacing": {
            "desktop": {
              "value": {
                "margin": {
                  "top":    "0px",
                  "right":  "auto",
                  "bottom": "30px",
                  "left":   "auto"
                }
              }
            }
          }
        }
      },
      "defaultPrintedStyle": {
        "decoration": {
          "background": {
            "desktop": {
              "value": {
                "color": "#ecf4f7"
              }
            }
          }
        }
      },
      "styleProps": {
        "border": {
          "important": true
        }
      },
      "settings": {
        "meta": {
          "adminLabel": {}
        },
        "advanced": {
          "link": {},
          "text": {},
          "htmlAttributes": {}
        },
        "decoration": {
          "background": {},
          "sizing": {},
          "spacing": {},
          "border": {},
          "boxShadow": {},
          "filters": {},
          "transform": {},
          "animation": {},
          "overflow": {},
          "disabledOn": {},
          "transition": {},
          "position": {},
          "zIndex": {},
          "scroll": {},
          "sticky": {}
        }
      }
    },
    "image": {
      "type": "object",
      "selector": "{{selector}} .example_static_module__image img",
      "styleProps": {
        "border": {
          "important": true
        }
      },
      "settings": {
        "innerContent": {
          "groupType": "group-items",
          "items": {
            "src": {
              "groupSlug": "contentImage",
              "priority": 10,
              "render": true,
              "subName": "src",
              "label": "Image",
              "description": "Upload an Image",
              "features": {
                "sticky": false,
                "dynamicContent": false
              },
              "component": {
                "name": "divi/upload",
                "type": "field"
              }
            }
          }
        },
        "decoration": {
          "border": {
            "groupType": "group-item",
            "item": {
              "groupSlug": "designImage",
              "priority": 10,
              "render": true,
              "component": {
                "type": "group",
                "name": "divi/border",
                "props": {
                  "grouped": false
                }
              }
            }
          },
          "spacing": {
            "groupType": "group-item",
            "item": {
              "groupSlug": "designImage",
              "priority": 20,
              "render": true,
              "component": {
                "type": "group",
                "name": "divi/spacing",
                "props": {
                  "grouped": false
                }
              }
            }
          },
          "boxShadow": {
            "groupType": "group-item",
            "item": {
              "groupSlug": "designImage",
              "priority": 30,
              "render": true,
              "component": {
                "type": "group",
                "name": "divi/box-shadow",
                "props": {
                  "grouped": false
                }
              }
            }
          },
          "filters": {
            "groupType": "group-item",
            "item": {
              "groupSlug": "designImage",
              "priority": 40,
              "render": true,
              "component": {
                "type": "group",
                "name": "divi/filters",
                "props": {
                  "grouped": false
                }
              }
            }
          }
        }
      }
    },
    "title": {
      "type": "object",
      "selector": "{{selector}} .example_static_module__title",
      "default": {
        "decoration": {
          "font": {
            "font": {
              "desktop": {
                "value": {
                  "headingLevel": "h2"
                }
              }
            }
          }
        }
      },
      "defaultPrintedStyle": {
        "decoration": {
          "font": {
            "font": {
              "desktop": {
                "value": {
                  "size": "26px",
                  "lineHeight": "1em",
                  "weight": "500"
                }
              }
            }
          }
        }
      },
      "styleProps": {
        "font": {
          "important": {
            "font": {
              "desktop": {
                "value": {
                  "color": true
                }
              }
            }
          }
        }
      },
      "settings": {
        "innerContent": {
          "groupType": "group-item",
          "item": {
            "groupName": "mainContent",
            "priority": 10,
            "render": true,
            "attrName": "title.innerContent",
            "label": "Title",
            "description": "Input your value to action title here.",
            "features": {
              "sticky": false,
              "dynamicContent": false
            },
            "component": {
              "name": "divi/text",
              "type": "field"
            }
          }
        },
        "decoration": {
          "font": {
            "priority": 10,
            "component": {
              "props": {
                "groupLabel": "Title Text",
                "fieldLabel": "Title",
                "fields": {
                  "headingLevel": {
                    "render": false
                  }
                }
              }
            }
          }
        }
      },
      "tagName": "h2",
      "attributes": {
        "class": "example_static_module__title"
      },
      "inlineEditor": "plainText",
      "elementType": "heading",
      "childrenSanitizer": "et_core_esc_previously"
    },
    "summary": {
      "type": "object",
      "selector": "{{selector}} .example_static_module__summary",
      "tagName": "div",
      "attributes": {
        "class": "example_static_module__summary"
      },
      "inlineEditor": "plainText",
      "childrenSanitizer": "et_core_esc_previously",
      "default": {
        "innerContent": {
          "desktop": {
            "value": "This is a brief summary that provides an overview of the content below. It can span multiple lines to give readers a comprehensive understanding of what to expect in the main content section."
          }
        }
      },
      "settings": {
        "innerContent": {
          "groupType": "group-item",
          "item": {
            "groupName": "mainContent",
            "priority": 15,
            "render": true,
            "attrName": "summary.innerContent",
            "label": "Summary",
            "description": "Input your summary text here. This field supports multiple lines.",
            "features": {
              "sticky": false,
              "dynamicContent": false,
              "responsive": false
            },
            "component": {
              "name": "divi/textarea",
              "type": "field",
              "props": {
                "showPlaceholderOnEmpty": true
              }
            }
          }
        },
        "decoration": {
          "font": {
            "priority": 10,
            "component": {
              "props": {
                "groupLabel": "Summary Text",
                "fieldLabel": "Summary"
              }
            }
          }
        }
      }
    },
    "content": {
      "type": "object",
      "selector": "{{selector}} .example_static_module__content",
      "tagName": "div",
      "attributes": {
        "class": "example_static_module__content"
      },
      "inlineEditor": "richText",
      "childrenSanitizer": "et_core_esc_previously",
      "styleProps": {
        "bodyFont": {
          "selectors": {
            "desktop": {
              "value": "{{selector}} .example_static_module__content"
            }
          }
        }
      },
      "settings": {
        "innerContent": {
          "groupType": "group-item",
          "item": {
            "groupName": "mainContent",
            "priority": 20,
            "render": true,
            "attrName": "content.innerContent",
            "label": "Content",
            "description": "Input the main text content for your module here.",
            "features": {
              "sticky": false,
              "dynamicContent": false
            },
            "component": {
              "name": "divi/richtext",
              "type": "field"
            }
          }
        },
        "decoration": {
          "bodyFont": {}
        }
      }
    }
  },
  "customCssFields": {
    "contentContainer": {
      "subName": "contentContainer",
      "selectorSuffix": " .example_static_module__content-container"
    },
    "title": {
      "subName": "title",
      "selector": "div{{selector}}",
      "selectorSuffix": " .example_static_module__title"
    },
    "summary": {
      "subName": "summary",
      "selectorSuffix": " .example_static_module__summary"
    },
    "content": {
      "subName": "content",
      "selectorSuffix": " .example_static_module__content"
    },
    "image": {
      "subName": "image",
      "selectorSuffix": " .example_static_module__image img"
    }
  },
  "settings": {
    "content": "auto",
    "design": "auto",
    "advanced": "auto",
    "groups": {
      "contentImage": {
        "panel": "content",
        "priority": 20,
        "groupName": "contentImage",
        "multiElements": true,
        "component": {
          "name": "divi/composite",
          "props": {
            "groupLabel": "Image"
          }
        }
      },
      "designImage": {
        "panel": "design",
        "priority": 10,
        "groupName": "designImage",
        "multiElements": true,
        "component": {
          "name": "divi/composite",
          "props": {
            "groupLabel": "Image Style"
          }
        }
      }
    }
  }
}
